exchange,arousal_right,valence_right,arousal_left,valence_left
0,0.06201888840984213,-0.004940344596450983,0.06201888840984213,-0.004940344596450983
1,0.11768655420133942,0.19967565798249684,0.11768655420133942,0.19967565798249684
