exchange,arousal_right,valence_right,arousal_left,valence_left
0,0.011155026070043135,0.010884279494776444,0.011155026070043135,0.010884279494776444
1,0.04678744524148583,0.03488205626379441,0.04678744524148583,0.03488205626379441
