exchange,arousal_right,valence_right,arousal_left,valence_left
0,0.024220903114849836,0.024639342687910848,0.241031939075357,0.2503112387819944
1,0.01694455283105703,-0.01118070608118553,0.3347857344656111,0.26164735071470985
