exchange,arousal_right,valence_right,arousal_left,valence_left
0,0.2777476617698595,0.14870865571809086,0.11707657035698844,0.14116375266903997
1,0.20414744386734457,0.2616815339002819,0.14186620901078964,0.36327903592237354
