exchange,arousal_right,valence_right,arousal_left,valence_left
0,0.056536886665774645,-0.28049760595184153,0.36217463647745946,0.12570942448329334
1,-0.014554959291808453,0.018401882439166423,0.22897889919446685,0.019538043220697677
