exchange,arousal_right,valence_right,arousal_left,valence_left
0,0.31537764984209427,0.22932061531059408,0.22257888972050954,-0.26407776609181965
1,0.05100020376307728,-0.2725681560825266,0.2666658154170437,-0.030591498160728803
