exchange,arousal_right,valence_right,arousal_left,valence_left
0,0.3857937196242057,-0.12852187083134353,0.14849390967083748,-0.14026809448447225
1,0.4299252047127449,-0.08387630776941603,0.2985718708080932,-0.09642701896183463
