exchange,arousal_right,valence_right,arousal_left,valence_left
0,0.19650289084613348,0.18273935065474015,0.0,-0.19759328372272328
1,0.22910304973259332,0.3836510372605921,0.16587295718612696,-0.3688039763799483
