exchange,arousal_right,valence_right,arousal_left,valence_left
0,0.11480476775216175,-0.043333220266047655,0.11488120995518514,-0.036469139906956764
1,0.17160925162819787,0.24264268552609466,0.06432130741925517,-0.034573457043549846
