exchange,arousal_right,valence_right,arousal_left,valence_left
0,0.07541202350345147,-0.15051023745768227,0.15191841795659178,-0.061672354309467714
1,0.18077265465607148,0.19931678958656357,0.3146291324089347,-0.056100218701003866
