exchange,arousal_right,valence_right,arousal_left,valence_left
0,0.2037154655425842,0.05500659922942456,0.020478554303768683,0.09879606324305988
1,0.17472322056651837,0.1459523461336299,0.0,0.31722376309565875
