exchange,arousal_right,valence_right,arousal_left,valence_left
0,0.024564310533876057,0.35873450753165875,-0.00824450771516428,0.08053226176215746
1,0.05304130858299709,0.25441927245189244,0.08609478777737577,0.06764092672172665
