exchange,arousal_right,valence_right,arousal_left,valence_left
0,0.003399506265766,0.127955556602113,-0.010262951402852,-0.051450466955014
1,0.018988891162717,0.093742440394772,0.017788842883806,-0.024268998052923
