exchange,arousal_right,valence_right,arousal_left,valence_left
0,0.12518514193435934,0.09276284963051055,0.12518514193435934,0.09276284963051055
1,0.11921220462696225,0.20399288855054798,0.11921220462696225,0.20399288855054798
