exchange,arousal_right,valence_right,arousal_left,valence_left
0,0.1081586325146856,0.17205965230717277,0.1081586325146856,0.17205965230717277
1,-0.0001227958817724657,-0.13701083110990347,-0.0001227958817724657,-0.13701083110990347
