exchange,arousal_right,valence_right,arousal_left,valence_left
0,-0.012914649180259,-0.04184961796332,0.039216645889629,0.026680851864334
1,0.009223141754887,-0.02428699319694,0.082341130860741,0.032027758665589
