exchange,arousal_right,valence_right,arousal_left,valence_left
0,-0.07145581380763183,-0.019970101056569187,-0.07145581380763183,-0.019970101056569187
1,-0.06187473970555488,-0.04586708233241111,-0.06187473970555488,-0.04586708233241111
