exchange,arousal_right,valence_right,arousal_left,valence_left
0,-0.04704603865647162,-0.013116541748436591,-0.04704603865647162,-0.013116541748436591
1,-0.0504241534836695,-0.005004086518581481,-0.0504241534836695,-0.005004086518581481
