,s_negative,s_neutral,s_positive,l_negative,l_neutral,l_positive,predictions_ER,valence_speaker,arousal_speaker,dominance_speaker,valence_listener,arousal_listener,dominance_listener,s_word_len,l_word_len,agreeing,acknowledging,encouraging,consoling,sympathizing,suggesting,questioning,wishing,neutral,mimicry,pred_text,most_influential_before,most_influential_before_l,most_influential_before_s,pred_video,new_empathy_reduced,empathy,most_influential_after,most_influential_after_l,most_influential_after_s
0,0.0010414157,0.011924891,0.9870337,0.0017035513,0.03273619,0.96556026,0,0.504432615792046,-0.2707442807503677,0.1462857142857143,0.5769064523524315,-0.026448901543032838,0.2385,17,13,0.00014040536188986152,0.0001390977849951014,4.633734715753235e-05,2.7432299248175696e-05,0.0005997716216370463,0.019234847277402878,0.9776500463485718,0.0010539640206843615,0.0011079699033871293,1,2.0,"[('l_positive', 0.96556026), ('l_word_len', 13), ('l_neutral', 0.03273619)]","[('l_positive', 0.96556026), ('l_word_len', 13), ('l_neutral', 0.03273619)]","[('s_negative', 0.0010414157), ('s_positive', 0.9870337), ('s_neutral', 0.011924891)]",3,3,2,"[('l_word_len', 13), ('l_neutral', 0.03273619), ('predictions_ER', 0)]","[('l_word_len', 13), ('l_neutral', 0.03273619), ('predictions_ER', 0)]","[('s_negative', 0.0010414157), ('s_word_len', 17), ('arousal_speaker', -0.2707442807503677)]"
1,0.02210132,0.87917346,0.09872523,0.0015871783,0.007199336,0.9912135,0,0.06688385449037848,-0.0837917382834006,-0.112,0.6871281853443453,0.15055229088880848,0.33199999999999996,7,10,0.0008063191780820489,0.9890650510787964,0.0011021721875295043,9.025038161780685e-05,0.00016498200420755893,6.26356340944767e-05,0.0001593276101630181,0.008452481590211391,9.677901834947988e-05,0,3.0,"[('l_word_len', 10), ('valence_listener', 0.842), ('l_neutral', 0.007199336)]","[('l_word_len', 10), ('valence_listener', 0.842), ('l_neutral', 0.007199336)]","[('valence_speaker', 0.02), ('s_negative', 0.02210132), ('arousal_speaker', -0.118)]",3,3,2,"[('l_neutral', 0.007199336), ('l_word_len', 10), ('predictions_ER', 0)]","[('l_neutral', 0.007199336), ('l_word_len', 10), ('predictions_ER', 0)]","[('s_positive', 0.09872523), ('dominance_speaker', -0.112), ('s_negative', 0.02210132)]"
