,s_negative,s_neutral,s_positive,l_negative,l_neutral,l_positive,predictions_ER,valence_speaker,arousal_speaker,dominance_speaker,valence_listener,arousal_listener,dominance_listener,s_word_len,l_word_len,agreeing,acknowledging,encouraging,consoling,sympathizing,suggesting,questioning,wishing,neutral,mimicry,pred_text,most_influential_before,most_influential_before_l,most_influential_before_s,pred_video,new_empathy_reduced,empathy,most_influential_after,most_influential_after_l,most_influential_after_s
0,0.0054155504,0.050692134,0.9438923,0.003252681,0.023207687,0.9735396,0,0.38109795250846357,-0.16251759529930973,0.186,0.34606552913810645,-0.035749649742015,0.18800000000000003,7,6,0.0003781307896133512,0.9979897737503052,0.0002020951360464096,0.0007722825394012034,7.508418639190495e-05,3.974588616983965e-05,7.093529711710289e-05,0.0003692714963108301,0.00010275337263010442,1,1.0,"[('l_word_len', 6), ('l_positive', 0.9735396), ('s_word_len', 7)]","[('l_word_len', 6), ('l_positive', 0.9735396), ('valence_listener', 0.44799999999999995)]","[('s_word_len', 7), ('s_positive', 0.9438923), ('arousal_speaker', -0.222)]",1,1,1,"[('l_word_len', 6), ('l_positive', 0.9735396), ('s_word_len', 7)]","[('l_word_len', 6), ('l_positive', 0.9735396), ('l_negative', 0.003252681)]","[('s_word_len', 7), ('s_positive', 0.9438923), ('arousal_speaker', -0.16251759529930973)]"
1,0.6459255,0.32363665,0.030437816,0.00873768,0.32208106,0.6691813,1,0.2766633579173127,0.20975453093121427,0.20400000000000001,0.17864662292646588,-0.2405408401848797,-0.05266666666666667,10,7,0.0002528374025132507,0.0015633712755516171,0.9963849782943726,0.0008954325458034873,8.052619523368776e-05,0.00021526408090721816,0.0001005060039460659,0.00037223397521302104,0.00013490206038113683,0,2.0,"[('l_word_len', 7), ('l_positive', 0.6691813), ('l_negative', 0.00873768)]","[('l_word_len', 7), ('l_positive', 0.6691813), ('l_negative', 0.00873768)]","[('s_word_len', 10), ('s_positive', 0.030437816), ('s_negative', 0.6459255)]",2,1,1,"[('l_word_len', 7), ('predictions_ER', 1), ('l_neutral', 0.32208106)]","[('l_word_len', 7), ('predictions_ER', 1), ('l_neutral', 0.32208106)]","[('s_word_len', 10), ('s_neutral', 0.32363665), ('s_negative', 0.6459255)]"
