exchange,arousal_right,valence_right,arousal_left,valence_left
0,0.05086028335183669,-0.5432506809620966,0.7750311684524201,0.06805672450046595
1,-0.09846504401532423,-0.24790325570811653,0.5024870278188267,0.03497332236356177
