,s_negative,s_neutral,s_positive,l_negative,l_neutral,l_positive,predictions_ER,valence_speaker,arousal_speaker,dominance_speaker,valence_listener,arousal_listener,dominance_listener,s_word_len,l_word_len,agreeing,acknowledging,encouraging,consoling,sympathizing,suggesting,questioning,wishing,neutral,mimicry,pred_text,most_influential_before,most_influential_before_l,most_influential_before_s,pred_video,new_empathy_reduced,empathy,most_influential_after,most_influential_after_l,most_influential_after_s
0,0.57021195,0.38076252,0.049025543,0.92927295,0.063451216,0.0072759176,2,0.06252786853758215,-0.18491581937703006,-0.2104,0.08606224775639887,0.1422063878150714,0.11550000000000003,14,18,0.00037857575807720423,0.0003657665220089257,5.898828021599911e-05,0.00015199114568531513,0.9297699928283691,0.0008378222119063139,0.06670860946178436,0.0003695948689710349,0.0013586615677922964,0,3.0,"[('l_word_len', 18), ('l_neutral', 0.063451216), ('predictions_ER', 2)]","[('l_word_len', 18), ('l_neutral', 0.063451216), ('predictions_ER', 2)]","[('s_word_len', 14), ('s_negative', 0.57021195), ('valence_speaker', 0.07199999999999998)]",3,3,3,"[('l_word_len', 18), ('l_neutral', 0.063451216), ('l_positive', 0.0072759176)]","[('l_word_len', 18), ('l_neutral', 0.063451216), ('l_positive', 0.0072759176)]","[('s_word_len', 14), ('valence_speaker', 0.06252786853758215), ('s_positive', 0.049025543)]"
1,0.34837976,0.6040487,0.047571525,0.9711486,0.025501143,0.0033502993,0,0.22523052545042957,-0.21181108943378857,-0.045000000000000005,-0.18980386319039141,-0.018376186440211092,-0.3706666666666667,18,12,0.0008004502742551267,0.9976086616516113,0.0004929901915602386,0.00032038273639045656,4.052962685818784e-05,2.3361424609902315e-05,7.85055963206105e-05,0.0004039118648506701,0.00023129861801862717,0,2.0,"[('l_word_len', 12), ('l_negative', 0.9711486), ('l_positive', 0.0033502993)]","[('l_word_len', 12), ('l_negative', 0.9711486), ('l_positive', 0.0033502993)]","[('s_word_len', 18), ('s_negative', 0.34837976), ('s_positive', 0.047571525)]",3,3,3,"[('l_word_len', 12), ('l_positive', 0.0033502993), ('l_neutral', 0.025501143)]","[('l_word_len', 12), ('l_positive', 0.0033502993), ('l_neutral', 0.025501143)]","[('s_word_len', 18), ('s_positive', 0.047571525), ('s_neutral', 0.6040487)]"
