,s_negative,s_neutral,s_positive,l_negative,l_neutral,l_positive,predictions_ER,valence_speaker,arousal_speaker,dominance_speaker,valence_listener,arousal_listener,dominance_listener,s_word_len,l_word_len,agreeing,acknowledging,encouraging,consoling,sympathizing,suggesting,questioning,wishing,neutral,mimicry,pred_text,most_influential_before,most_influential_before_l,most_influential_before_s,pred_video,new_empathy_reduced,empathy,most_influential_after,most_influential_after_l,most_influential_after_s
0,0.41627717,0.40173632,0.18198645,0.017163007,0.31061047,0.6722265,0,0.1662641230621188,0.22227552996841887,-0.05249999999999999,0.4135844467816361,0.44131577794410193,-0.151,14,8,5.949378100922331e-05,9.795031655812636e-05,4.194265784462914e-05,1.7756472516339272e-05,0.00011264070781180635,0.00015655445167794824,0.9991156458854675,0.0003227947745472193,7.522540545323864e-05,1,1.0,"[('l_word_len', 8), ('s_word_len', 14), ('suggesting', 0.00015655445167794824)]","[('l_word_len', 8), ('suggesting', 0.00015655445167794824), ('l_negative', 0.017163007)]","[('s_word_len', 14), ('s_negative', 0.41627717), ('dominance_speaker', -0.05249999999999999)]",1,3,3,"[('l_word_len', 8), ('l_neutral', 0.31061047), ('predictions_ER', 0)]","[('l_word_len', 8), ('l_neutral', 0.31061047), ('predictions_ER', 0)]","[('s_word_len', 14), ('s_negative', 0.41627717), ('dominance_speaker', -0.05249999999999999)]"
1,0.010823606,0.8534989,0.13567746,0.0020604844,0.017765315,0.9801742,1,0.07412636878349468,-0.16547995924738454,-0.1496,0.5334017003678543,0.11445316308340875,0.40519999999999995,12,13,0.0005357541958801448,0.0014027466531842947,0.00030116853304207325,6.969808600842953e-05,0.0004517493362072855,0.9529961943626404,0.0437636598944664,0.0002986988693010062,0.0001804079656722024,0,3.0,"[('l_word_len', 13), ('l_positive', 0.9801742), ('predictions_ER', 1)]","[('l_word_len', 13), ('l_positive', 0.9801742), ('predictions_ER', 1)]","[('s_positive', 0.13567746), ('valence_speaker', 0.1608), ('s_negative', 0.010823606)]",3,3,3,"[('l_word_len', 13), ('l_neutral', 0.017765315), ('predictions_ER', 1)]","[('l_word_len', 13), ('l_neutral', 0.017765315), ('predictions_ER', 1)]","[('s_word_len', 12), ('s_neutral', 0.8534989), ('dominance_speaker', -0.1496)]"
