,s_negative,s_neutral,s_positive,l_negative,l_neutral,l_positive,predictions_ER,valence_speaker,arousal_speaker,dominance_speaker,valence_listener,arousal_listener,dominance_listener,s_word_len,l_word_len,agreeing,acknowledging,encouraging,consoling,sympathizing,suggesting,questioning,wishing,neutral,mimicry,pred_text,most_influential_before,most_influential_before_l,most_influential_before_s,pred_video,new_empathy_reduced,empathy,most_influential_after,most_influential_after_l,most_influential_after_s
0,0.016635878,0.53655505,0.44680908,0.21367872,0.67674154,0.10957972,0,0.36367621308964765,-0.13246761787813907,0.23514285714285713,0.08337283868527533,-0.141823758008963,0.06033333333333332,16,16,0.9958422780036926,0.0010753946844488382,0.001073262537829578,0.00020422990201041102,2.2750238713342696e-05,6.889292853884399e-05,0.00019815604900941253,0.00015041658480186015,0.001364672090858221,1,2.0,"[('l_word_len', 16), ('l_positive', 0.10957972), ('l_neutral', 0.67674154)]","[('l_word_len', 16), ('l_positive', 0.10957972), ('l_neutral', 0.67674154)]","[('s_word_len', 16), ('valence_speaker', 0.4654285714285714), ('s_neutral', 0.53655505)]",3,3,3,"[('l_word_len', 16), ('predictions_ER', 0), ('l_neutral', 0.67674154)]","[('l_word_len', 16), ('predictions_ER', 0), ('l_neutral', 0.67674154)]","[('s_word_len', 16), ('valence_speaker', 0.36367621308964765), ('s_negative', 0.016635878)]"
1,0.0091434745,0.11763916,0.87321734,0.065232255,0.7513869,0.18338086,0,0.5221285371052189,0.034855183658972895,0.27133333333333337,0.4453519752579567,-0.142335738516149,0.3673333333333333,6,14,0.0844164788722992,0.000678850628901273,0.00022611083113588393,0.1460716724395752,0.005586944054812193,0.09377682954072952,0.07828177511692047,0.0006578265456482768,0.5903035402297974,1,3.0,"[('l_word_len', 14), ('l_positive', 0.18338086), ('l_neutral', 0.7513869)]","[('l_word_len', 14), ('l_positive', 0.18338086), ('l_neutral', 0.7513869)]","[('s_positive', 0.87321734), ('valence_speaker', 0.592), ('s_word_len', 6)]",3,3,3,"[('l_word_len', 14), ('l_positive', 0.18338086), ('l_neutral', 0.7513869)]","[('l_word_len', 14), ('l_positive', 0.18338086), ('l_neutral', 0.7513869)]","[('s_word_len', 6), ('dominance_speaker', 0.27133333333333337), ('s_neutral', 0.11763916)]"
