exchange,arousal_right,valence_right,arousal_left,valence_left
0,0.22772764509006402,0.041182278749474784,-0.12367934550759944,-0.008870808968577499
1,0.33364020153266416,0.12621023368957685,-0.12610524286645725,0.48302136890871294
