,s_negative,s_neutral,s_positive,l_negative,l_neutral,l_positive,predictions_ER,valence_speaker,arousal_speaker,dominance_speaker,valence_listener,arousal_listener,dominance_listener,s_word_len,l_word_len,agreeing,acknowledging,encouraging,consoling,sympathizing,suggesting,questioning,wishing,neutral,mimicry,pred_text,most_influential_before,most_influential_before_l,most_influential_before_s,pred_video,new_empathy_reduced,empathy,most_influential_after,most_influential_after_l,most_influential_after_s
0,0.9425232,0.0538,0.0036767484,0.82206035,0.172411,0.0055286023,0,0.1598956258337313,0.11595874392484115,0.31,-0.20925361889689448,0.29889878193416747,0.026499999999999996,13,12,0.00010210328036919236,0.0001170879986602813,3.599868432502262e-05,1.3454111467581242e-05,0.0004031084827147424,0.0012605355586856604,0.9974197149276733,0.00013936683535575867,0.0005085447337478399,0,3.0,"[('l_word_len', 12), ('l_neutral', 0.172411), ('s_word_len', 13)]","[('l_word_len', 12), ('l_neutral', 0.172411), ('l_positive', 0.0055286023)]","[('s_word_len', 13), ('s_positive', 0.0036767484), ('arousal_speaker', 0.04850000000000001)]",3,1,1,"[('l_word_len', 12), ('l_neutral', 0.172411), ('s_word_len', 13)]","[('l_word_len', 12), ('l_neutral', 0.172411), ('l_positive', 0.0055286023)]","[('s_word_len', 13), ('s_positive', 0.0036767484), ('arousal_speaker', 0.11595874392484115)]"
1,0.5818939,0.38149408,0.036611963,0.37749296,0.54537493,0.07713213,0,0.2776247384461168,0.14006504094254899,0.1984,0.14578126287429977,-0.10961895917171469,0.02266666666666667,15,26,0.00015064729086589068,0.00021429969638120383,1.3642421436088625e-05,2.0915535060339607e-05,5.37183768756222e-05,7.327532512135804e-05,4.0161292417906225e-05,2.4124839910655282e-05,0.9994091987609863,0,1.0,"[('l_word_len', 26), ('l_neutral', 0.54537493), ('sympathizing', 5.37183768756222e-05)]","[('l_word_len', 26), ('l_neutral', 0.54537493), ('sympathizing', 5.37183768756222e-05)]","[('s_word_len', 15), ('s_neutral', 0.38149408), ('valence_speaker', 0.368)]",3,1,1,"[('l_word_len', 26), ('predictions_ER', 0), ('l_positive', 0.07713213)]","[('l_word_len', 26), ('predictions_ER', 0), ('l_positive', 0.07713213)]","[('s_word_len', 15), ('s_negative', 0.5818939), ('s_positive', 0.036611963)]"
