exchange,arousal_right,valence_right,arousal_left,valence_left
0,-0.1441454277099932,-0.21991185389239998,-0.06273836323193138,-0.06957282468068356
1,0.038489180677119754,-0.061515592098716765,-0.011345991345702622,-0.08838758587104374
2,0.0013656946227831035,-0.1269060896599994,0.12233035504817963,0.006792606785893432
3,0.05182583702773583,0.01664159987576125,0.1182662911835264,-0.0007069515155964135
