,s_negative,s_neutral,s_positive,l_negative,l_neutral,l_positive,predictions_ER,valence_speaker,arousal_speaker,dominance_speaker,valence_listener,arousal_listener,dominance_listener,s_word_len,l_word_len,agreeing,acknowledging,encouraging,consoling,sympathizing,suggesting,questioning,wishing,neutral,mimicry,pred_text,pred_video,empathy
0,0.0011952913,0.00993184,0.98887295,0.00157054,0.010210538,0.9882189,0,0.0411822787494747,0.227727645090064,0.13920000000000002,-0.0088708089685774,-0.1236793455075994,0.19200000000000003,11,9,0.00040708601591177285,0.9981697797775269,0.0001631235791137442,0.00037604375393129885,9.486002818448469e-05,5.444855196401477e-05,4.684081795858219e-05,0.0006181251956149936,6.963604391785339e-05,1,3.0,3,1
1,0.002672835,0.017373472,0.97995365,0.016284782,0.6199667,0.36374858,0,0.1262102336895768,0.3336402015326641,0.51,0.4830213689087129,-0.1261052428664572,0.546,4,5,6.866634066682309e-05,8.1740363384597e-05,6.146699888631701e-05,1.3809624761051964e-05,6.885598122607917e-05,0.0001859329640865326,0.9992095232009888,0.00018392632773611695,0.00012613086437340826,1,2.0,1,1
