,s_negative,s_neutral,s_positive,l_negative,l_neutral,l_positive,predictions_ER,valence_speaker,arousal_speaker,dominance_speaker,valence_listener,arousal_listener,dominance_listener,s_word_len,l_word_len,agreeing,acknowledging,encouraging,consoling,sympathizing,suggesting,questioning,wishing,neutral,mimicry,pred_text,pred_video,empathy
0,0.9411371,0.05227528,0.006587599,0.25504944,0.7266519,0.018298654,0,-0.5432506809620966,0.0508602833518366,0.009142857142857147,0.0680567245004659,0.7750311684524201,-0.08200000000000002,16,6,0.0002490045444574207,5.30655452166684e-05,5.173444878892042e-05,0.0005168452044017613,0.0025439162272959948,0.10243300348520279,0.892511248588562,0.0003721413086168468,0.0012690944131463766,0,1.0,1,3
1,0.45243773,0.42760342,0.11995886,0.5839119,0.36196706,0.054121066,1,-0.2479032557081165,-0.0984650440153242,-0.02680000000000001,0.0349733223635617,0.5024870278188267,0.37466666666666665,18,13,7.775054109515622e-05,0.0004113262111786753,0.0018698713975027204,0.996094286441803,0.0007194223580881953,0.000506548210978508,0.00013842857151757926,6.108905654400587e-05,0.00012129883543821052,1,3.0,3,3
